,Fecha,Plataforma,Impresiones,Clicks,CTR,Conversiones
1147,2023-07-28,Facebook,67896,4714,6.94,266
57,2022-01-29,Facebook,33294,4262,12.8,835
91,2022-02-15,Facebook,88514,3425,3.87,848
949,2023-04-20,Facebook,21927,3966,18.09,285
1378,2023-11-21,Google,56692,3755,6.62,30
1405,2023-12-04,Facebook,7097,1690,23.81,194
1543,2024-02-11,Facebook,44712,1753,3.92,648
1239,2023-09-12,Facebook,52965,4289,8.1,556
1722,2024-05-11,Google,33107,1155,3.49,136
1035,2023-06-02,Facebook,98130,2576,2.63,231
1717,2024-05-08,Facebook,92921,2661,2.86,452
17,2022-01-09,Facebook,31122,3021,9.71,218
1958,2024-09-06,Google,7221,1510,20.91,102
1354,2023-11-09,Google,57970,3994,6.89,474
1474,2024-01-08,Google,42506,3420,8.05,113
97,2022-02-18,Facebook,61082,4171,6.83,298
1088,2023-06-29,Google,86052,488,0.57,800
891,2023-03-22,Facebook,55562,478,0.86,79
1023,2023-05-27,Facebook,28958,1312,4.53,175
1437,2023-12-20,Facebook,80376,219,0.27,104
1161,2023-08-04,Facebook,14930,3972,26.6,596
1411,2023-12-07,Facebook,19157,4812,25.12,290
1477,2024-01-09,Facebook,42935,1014,2.36,445
1339,2023-11-01,Facebook,24637,4670,18.96,534
1262,2023-09-24,Google,89673,1163,1.3,885
696,2022-12-15,Google,72988,1750,2.4,617
1160,2023-08-04,Google,41653,4739,11.38,608
1559,2024-02-19,Facebook,15783,2012,12.75,77
1296,2023-10-11,Google,8467,3418,40.37,693
1112,2023-07-11,Google,74185,1493,2.01,944
1089,2023-06-29,Facebook,84775,2454,2.89,420
1896,2024-08-06,Google,5380,3599,66.9,196
2124,2024-11-28,Google,58521,2362,4.04,289
118,2022-03-01,Google,30099,2794,9.28,627
1952,2024-09-03,Google,93423,1438,1.54,616
1422,2023-12-13,Google,82308,3327,4.04,647
798,2023-02-04,Google,6411,1390,21.68,535
1489,2024-01-15,Facebook,8710,1944,22.32,355
503,2022-09-09,Facebook,69753,225,0.32,60
600,2022-10-28,Google,53839,665,1.24,279
1808,2024-06-23,Google,54579,2823,5.17,167
527,2022-09-21,Facebook,22133,840,3.8,700
2081,2024-11-06,Facebook,48840,4692,9.61,733
1420,2023-12-12,Google,73090,1408,1.93,547
626,2022-11-10,Google,87429,2251,2.57,158
1445,2023-12-24,Facebook,98233,2832,2.88,133
1638,2024-03-30,Google,26214,4910,18.73,603
138,2022-03-11,Google,80174,2290,2.86,945
475,2022-08-26,Facebook,86641,2609,3.01,897
1696,2024-04-28,Google,89373,229,0.26,258
1335,2023-10-30,Facebook,47532,4183,8.8,178
407,2022-07-23,Facebook,22641,1789,7.9,303
92,2022-02-16,Google,20004,4820,24.1,455
1942,2024-08-29,Google,8970,3566,39.75,120
78,2022-02-09,Google,76665,2252,2.94,381
2126,2024-11-29,Google,13968,4554,32.6,41
749,2023-01-10,Facebook,64388,2883,4.48,216
670,2022-12-02,Google,89754,2780,3.1,256
116,2022-02-28,Google,6307,1555,24.66,360
616,2022-11-05,Google,16993,4150,24.42,504
1639,2024-03-30,Facebook,69517,4645,6.68,766
1314,2023-10-20,Google,67690,239,0.35,876
1831,2024-07-04,Facebook,51526,1954,3.79,844
1063,2023-06-16,Facebook,38099,3290,8.64,417
1863,2024-07-20,Facebook,34418,1675,4.87,892
2155,2024-12-13,Facebook,25004,1973,7.89,865
1971,2024-09-12,Facebook,27915,4466,16.0,356
1311,2023-10-18,Facebook,18209,1946,10.69,898
1265,2023-09-25,Facebook,59571,2163,3.63,886
487,2022-09-01,Facebook,82215,716,0.87,449
2174,2024-12-23,Google,42006,3385,8.06,265
1392,2023-11-28,Google,43426,4538,10.45,995
950,2023-04-21,Google,98424,817,0.83,389
495,2022-09-05,Facebook,89095,3547,3.98,340
1020,2023-05-26,Google,74829,1176,1.57,159
1480,2024-01-11,Google,85884,4613,5.37,411
1503,2024-01-22,Facebook,65584,3051,4.65,362
101,2022-02-20,Facebook,44202,437,0.99,205
1086,2023-06-28,Google,99904,3986,3.99,16
1981,2024-09-17,Facebook,10966,3057,27.88,990
2111,2024-11-21,Facebook,53929,3741,6.94,978
1316,2023-10-21,Google,52890,914,1.73,87
1617,2024-03-19,Facebook,56758,364,0.64,52
483,2022-08-30,Facebook,62870,1547,2.46,216
1268,2023-09-27,Google,43765,2745,6.27,260
932,2023-04-12,Google,82478,1758,2.13,982
1372,2023-11-18,Google,22640,2648,11.7,427
863,2023-03-08,Facebook,70275,144,0.2,44
1119,2023-07-14,Facebook,8916,3168,35.53,807
2025,2024-10-09,Facebook,7786,3800,48.81,922
46,2022-01-24,Google,20428,3861,18.9,459
23,2022-01-12,Facebook,50209,595,1.19,812
570,2022-10-13,Google,59475,1828,3.07,487
2067,2024-10-30,Facebook,24819,3815,15.37,462
878,2023-03-16,Google,11315,1581,13.97,672
750,2023-01-11,Google,43850,4170,9.51,221
790,2023-01-31,Google,63308,3570,5.64,820
1351,2023-11-07,Facebook,8585,885,10.31,467
306,2022-06-03,Google,70694,3055,4.32,832
1555,2024-02-17,Facebook,82537,4869,5.9,555
1045,2023-06-07,Facebook,83293,4847,5.82,161
260,2022-05-11,Google,69508,2743,3.95,706
1577,2024-02-28,Facebook,75190,195,0.26,726
2163,2024-12-17,Facebook,15798,2628,16.64,82
324,2022-06-12,Google,87704,2705,3.08,588
393,2022-07-16,Facebook,40327,3424,8.49,911
1498,2024-01-20,Google,90304,2253,2.49,514
663,2022-11-28,Facebook,69961,4914,7.02,983
1207,2023-08-27,Facebook,69307,4547,6.56,221
383,2022-07-11,Facebook,7405,4294,57.99,893
981,2023-05-06,Facebook,67254,2554,3.8,16
1470,2024-01-06,Google,90150,715,0.79,686
473,2022-08-25,Facebook,86828,3285,3.78,261
1404,2023-12-04,Google,40550,2846,7.02,559
2008,2024-10-01,Google,84185,1404,1.67,957
1683,2024-04-21,Facebook,34950,3447,9.86,148
1179,2023-08-13,Facebook,20701,2379,11.49,103
812,2023-02-11,Google,58572,3755,6.41,364
921,2023-04-06,Facebook,8511,497,5.84,206
579,2022-10-17,Facebook,54997,1154,2.1,390
1784,2024-06-11,Google,87934,1538,1.75,192
1413,2023-12-08,Facebook,46787,2249,4.81,847
945,2023-04-18,Facebook,34172,1679,4.91,471
345,2022-06-22,Facebook,44268,353,0.8,444
1306,2023-10-16,Google,72084,1580,2.19,489
1807,2024-06-22,Facebook,52314,173,0.33,508
1628,2024-03-25,Google,87696,4860,5.54,824
2125,2024-11-28,Facebook,90797,2309,2.54,447
2028,2024-10-11,Google,66782,3746,5.61,103
1873,2024-07-25,Facebook,10409,3653,35.09,878
154,2022-03-19,Google,35953,2672,7.43,96
1962,2024-09-08,Google,20308,4949,24.37,55
575,2022-10-15,Facebook,15184,1448,9.54,802
2146,2024-12-09,Google,51453,3500,6.8,698
840,2023-02-25,Google,33239,4376,13.17,517
1238,2023-09-12,Google,13751,3248,23.62,398
589,2022-10-22,Facebook,23669,527,2.23,891
257,2022-05-09,Facebook,11997,893,7.44,186
1944,2024-08-30,Google,50895,245,0.48,20
1576,2024-02-28,Google,87365,1649,1.89,93
514,2022-09-15,Google,84849,2629,3.1,108
1673,2024-04-16,Facebook,79611,4097,5.15,693
1153,2023-07-31,Facebook,37966,2541,6.69,727
2091,2024-11-11,Facebook,18742,289,1.54,374
296,2022-05-29,Google,13064,2207,16.89,619
423,2022-07-31,Facebook,51834,269,0.52,992
11,2022-01-06,Facebook,67801,4091,6.03,846
828,2023-02-19,Google,8800,2025,23.01,744
1678,2024-04-19,Google,47633,1464,3.07,617
1765,2024-06-01,Facebook,56952,1227,2.15,688
751,2023-01-11,Facebook,69634,3585,5.15,747
1031,2023-05-31,Facebook,35111,3219,9.17,383
548,2022-10-02,Google,18656,2881,15.44,592
1334,2023-10-30,Google,57204,1173,2.05,763
342,2022-06-21,Google,17088,4901,28.68,753
1006,2023-05-19,Google,70863,553,0.78,892
112,2022-02-26,Google,85998,2885,3.35,775
187,2022-04-04,Facebook,51225,3822,7.46,521
1764,2024-06-01,Google,96925,1259,1.3,536
1629,2024-03-25,Facebook,79451,2363,2.97,790
1918,2024-08-17,Google,49547,2177,4.39,490
634,2022-11-14,Google,6877,4628,67.3,994
585,2022-10-20,Facebook,46613,3533,7.58,92
1079,2023-06-24,Facebook,12108,105,0.87,821
897,2023-03-25,Facebook,54519,3229,5.92,626
330,2022-06-15,Google,40185,2517,6.26,636
1693,2024-04-26,Facebook,66380,1633,2.46,593
540,2022-09-28,Google,76785,4800,6.25,568
455,2022-08-16,Facebook,28980,1788,6.17,440
102,2022-02-21,Google,18289,1373,7.51,958
1400,2023-12-02,Google,73409,4252,5.79,603
1603,2024-03-12,Facebook,50718,4146,8.17,985
920,2023-04-06,Google,10412,4429,42.54,750
1463,2024-01-02,Facebook,58563,1334,2.28,56
109,2022-02-24,Facebook,82204,2884,3.51,513
2185,2024-12-28,Facebook,88105,144,0.16,242
1424,2023-12-14,Google,9888,903,9.13,331
152,2022-03-18,Google,7104,2145,30.19,691
845,2023-02-27,Facebook,29365,1063,3.62,990
1166,2023-08-07,Google,50476,2265,4.49,603
311,2022-06-05,Facebook,81111,232,0.29,821
2005,2024-09-29,Facebook,53275,983,1.85,80
51,2022-01-26,Facebook,23256,624,2.68,50
1992,2024-09-23,Google,86375,3627,4.2,121
2050,2024-10-22,Google,48948,4564,9.32,287
465,2022-08-21,Facebook,31597,2068,6.54,458
2152,2024-12-12,Google,79714,3393,4.26,322
1759,2024-05-29,Facebook,61689,4853,7.87,125
1040,2023-06-05,Google,50080,2619,5.23,726
725,2022-12-29,Facebook,5265,2714,51.55,471
1459,2023-12-31,Facebook,63443,1156,1.82,607
1589,2024-03-05,Facebook,55279,444,0.8,400
1067,2023-06-18,Facebook,26594,2370,8.91,735
6,2022-01-04,Google,89377,3589,4.02,20
1782,2024-06-10,Google,44636,296,0.66,998
1139,2023-07-24,Facebook,50678,858,1.69,375
2043,2024-10-18,Facebook,80522,1620,2.01,634
1938,2024-08-27,Google,47390,2393,5.05,633
1505,2024-01-23,Facebook,48016,1072,2.23,403
1672,2024-04-16,Google,52929,1109,2.1,668
854,2023-03-04,Google,36940,853,2.31,353
82,2022-02-11,Google,31252,1917,6.13,436
753,2023-01-12,Facebook,6827,1282,18.78,258
1185,2023-08-16,Facebook,68352,702,1.03,131
679,2022-12-06,Facebook,23105,2782,12.04,700
1221,2023-09-03,Facebook,56758,3254,5.73,836
1003,2023-05-17,Facebook,40514,1754,4.33,827
151,2022-03-17,Facebook,10549,1081,10.25,710
999,2023-05-15,Facebook,83604,4035,4.83,210
447,2022-08-12,Facebook,84512,1422,1.68,563
162,2022-03-23,Google,9813,4198,42.78,202
1705,2024-05-02,Facebook,85100,2588,3.04,358
509,2022-09-12,Facebook,26390,1524,5.77,625
269,2022-05-15,Facebook,25143,4476,17.8,23
829,2023-02-19,Facebook,86354,1404,1.63,624
1177,2023-08-12,Facebook,60273,1892,3.14,195
2049,2024-10-21,Facebook,74054,2584,3.49,538
1070,2023-06-20,Google,98012,2625,2.68,824
1814,2024-06-26,Google,18659,3358,18.0,136
2090,2024-11-11,Google,22390,1573,7.03,841
681,2022-12-07,Facebook,21556,2428,11.26,192
537,2022-09-26,Facebook,20370,2365,11.61,256
904,2023-03-29,Google,62039,2497,4.02,608
525,2022-09-20,Facebook,41346,1746,4.22,564
10,2022-01-06,Google,6562,2800,42.67,329
2132,2024-12-02,Google,84651,4133,4.88,509
59,2022-01-30,Facebook,20235,3264,16.13,301
1794,2024-06-16,Google,10368,3718,35.86,956
81,2022-02-10,Facebook,60400,552,0.91,436
1022,2023-05-27,Google,46256,4754,10.28,956
1721,2024-05-10,Facebook,40450,4724,11.68,677
1495,2024-01-18,Facebook,26975,4594,17.03,737
581,2022-10-18,Facebook,33446,2775,8.3,581
1670,2024-04-15,Google,74934,3762,5.02,258
1711,2024-05-05,Facebook,35090,4450,12.68,125
1773,2024-06-05,Facebook,71373,1459,2.04,373
644,2022-11-19,Google,6511,4038,62.02,24
1631,2024-03-26,Facebook,38494,4159,10.8,310
466,2022-08-22,Google,98419,3010,3.06,86
1443,2023-12-23,Facebook,57280,151,0.26,550
1550,2024-02-15,Google,64518,327,0.51,965
567,2022-10-11,Facebook,53237,4729,8.88,472
86,2022-02-13,Google,32613,1284,3.94,508
830,2023-02-20,Google,56718,3879,6.84,852
613,2022-11-03,Facebook,53332,4205,7.88,996
2117,2024-11-24,Facebook,89240,2674,3.0,503
225,2022-04-23,Facebook,78839,3265,4.14,853
1492,2024-01-17,Google,9515,4195,44.09,412
415,2022-07-27,Facebook,90864,4924,5.42,498
123,2022-03-03,Facebook,60701,2520,4.15,27
889,2023-03-21,Facebook,10187,4393,43.12,64
1355,2023-11-09,Facebook,5888,592,10.05,810
364,2022-07-02,Google,39206,378,0.96,106
2002,2024-09-28,Google,5190,3431,66.11,181
646,2022-11-20,Google,24804,787,3.17,964
1697,2024-04-28,Facebook,87443,4652,5.32,50
1750,2024-05-25,Google,38544,4107,10.66,757
1345,2023-11-04,Facebook,12770,3313,25.94,642
477,2022-08-27,Facebook,25693,1846,7.18,356
433,2022-08-05,Facebook,64302,2635,4.1,968
428,2022-08-03,Google,41135,1866,4.54,14
1476,2024-01-09,Google,80391,2874,3.58,39
1741,2024-05-20,Facebook,86286,3425,3.97,72
782,2023-01-27,Google,49213,306,0.62,799
676,2022-12-05,Google,8259,2343,28.37,886
724,2022-12-29,Google,93299,695,0.74,685
2036,2024-10-15,Google,70156,3657,5.21,798
1071,2023-06-20,Facebook,63016,2884,4.58,923
636,2022-11-15,Google,48572,1774,3.65,330
106,2022-02-23,Google,50532,4757,9.41,183
1018,2023-05-25,Google,13141,759,5.78,136
964,2023-04-28,Google,81430,1151,1.41,637
227,2022-04-24,Facebook,28351,1033,3.64,661
60,2022-01-31,Google,25941,1357,5.23,577
1703,2024-05-01,Facebook,75205,2858,3.8,957
1606,2024-03-14,Google,33288,4290,12.89,236
1729,2024-05-14,Facebook,6945,303,4.36,245
2017,2024-10-05,Facebook,12138,3949,32.53,996
1677,2024-04-18,Facebook,84467,2596,3.07,658
80,2022-02-10,Google,75236,1334,1.77,778
2056,2024-10-25,Google,53456,1318,2.47,469
190,2022-04-06,Google,30472,1164,3.82,251
543,2022-09-29,Facebook,38919,1044,2.68,256
731,2023-01-01,Facebook,57931,720,1.24,744
2075,2024-11-03,Facebook,16413,889,5.42,891
1113,2023-07-11,Facebook,44680,4260,9.53,468
946,2023-04-19,Google,69634,1744,2.5,173
1687,2024-04-23,Facebook,56274,1060,1.88,625
119,2022-03-01,Facebook,87735,2940,3.35,498
182,2022-04-02,Google,7522,365,4.85,985
2128,2024-11-30,Google,70853,4862,6.86,301
478,2022-08-28,Google,33279,4889,14.69,70
146,2022-03-15,Google,76920,692,0.9,771
1851,2024-07-14,Facebook,30636,281,0.92,73
627,2022-11-10,Facebook,16459,3702,22.49,137
1872,2024-07-25,Google,75991,860,1.13,803
582,2022-10-19,Google,64909,2382,3.67,348
1072,2023-06-21,Google,72072,710,0.99,543
969,2023-04-30,Facebook,87064,3666,4.21,778
1510,2024-01-26,Google,16948,3568,21.05,84
894,2023-03-24,Google,14342,298,2.08,868
1069,2023-06-19,Facebook,49570,4938,9.96,633
1914,2024-08-15,Google,46249,2678,5.79,717
1013,2023-05-22,Facebook,55244,1597,2.89,261
12,2022-01-07,Google,31749,3043,9.58,338
496,2022-09-06,Google,9216,1318,14.3,583
395,2022-07-17,Facebook,55214,2736,4.96,672
906,2023-03-30,Google,11909,2166,18.19,75
431,2022-08-04,Facebook,17534,1992,11.36,946
1087,2023-06-28,Facebook,58356,245,0.42,74
564,2022-10-10,Google,44395,2527,5.69,149
332,2022-06-16,Google,93777,3952,4.21,404
1163,2023-08-05,Facebook,94615,2834,3.0,188
96,2022-02-18,Google,8644,3032,35.08,884
1066,2023-06-18,Google,13871,835,6.02,661
1319,2023-10-22,Facebook,70657,2336,3.31,580
354,2022-06-27,Google,67697,678,1.0,843
2062,2024-10-28,Google,23210,3315,14.28,41
861,2023-03-07,Facebook,78678,282,0.36,162
1145,2023-07-27,Facebook,45235,4566,10.09,41
714,2022-12-24,Google,57781,2995,5.18,314
2096,2024-11-14,Google,50393,4288,8.51,791
1870,2024-07-24,Google,39205,2027,5.17,28
367,2022-07-03,Facebook,36819,2786,7.57,276
1821,2024-06-29,Facebook,20505,487,2.38,915
1560,2024-02-20,Google,58365,1373,2.35,700
1436,2023-12-20,Google,11811,3311,28.03,901
394,2022-07-17,Google,69559,213,0.31,934
1917,2024-08-16,Facebook,10627,2385,22.44,57
444,2022-08-11,Google,7922,719,9.08,753
362,2022-07-01,Google,76273,569,0.75,910
1523,2024-02-01,Facebook,62655,3280,5.24,299
1450,2023-12-27,Google,93207,3658,3.92,998
2141,2024-12-06,Facebook,59620,229,0.38,36
927,2023-04-09,Facebook,18454,1452,7.87,538
2159,2024-12-15,Facebook,19329,1761,9.11,301
2131,2024-12-01,Facebook,71387,4860,6.81,524
591,2022-10-23,Facebook,44649,548,1.23,333
2034,2024-10-14,Google,8622,183,2.12,883
1419,2023-12-11,Facebook,64969,1506,2.32,699
2115,2024-11-23,Facebook,91275,4254,4.66,700
100,2022-02-20,Google,69605,3973,5.71,741
515,2022-09-15,Facebook,11310,906,8.01,503
1585,2024-03-03,Facebook,49362,2270,4.6,802
248,2022-05-05,Google,98524,1911,1.94,94
1934,2024-08-25,Google,72175,3477,4.82,884
321,2022-06-10,Facebook,41453,1330,3.21,250
1349,2023-11-06,Facebook,52777,705,1.34,218
743,2023-01-07,Facebook,5394,4954,91.84,694
2044,2024-10-19,Google,87728,142,0.16,67
765,2023-01-18,Facebook,43940,1850,4.21,570
1948,2024-09-01,Google,82847,1288,1.55,134
256,2022-05-09,Google,6473,1265,19.54,594
1904,2024-08-10,Google,91806,2328,2.54,484
1610,2024-03-16,Google,71803,1080,1.5,628
1267,2023-09-26,Facebook,17656,2413,13.67,293
1649,2024-04-04,Facebook,68649,4022,5.86,277
610,2022-11-02,Google,29322,3742,12.76,305
1169,2023-08-08,Facebook,73326,319,0.44,361
1483,2024-01-12,Facebook,6813,3312,48.61,853
1619,2024-03-20,Facebook,96479,3213,3.33,78
1586,2024-03-04,Google,78420,1181,1.51,507
833,2023-02-21,Facebook,23964,2577,10.75,284
401,2022-07-20,Facebook,91053,3482,3.82,238
69,2022-02-04,Facebook,45018,3566,7.92,396
1752,2024-05-26,Google,20333,3214,15.81,104
1255,2023-09-20,Facebook,90528,1907,2.11,220
501,2022-09-08,Facebook,39319,2960,7.53,481
1749,2024-05-24,Facebook,30463,4008,13.16,58
1675,2024-04-17,Facebook,39574,4021,10.16,204
1709,2024-05-04,Facebook,53746,3886,7.23,541
202,2022-04-12,Google,43819,4942,11.28,425
640,2022-11-17,Google,7636,1428,18.7,647
1407,2023-12-05,Facebook,78742,2705,3.44,333
844,2023-02-27,Google,31432,1642,5.22,792
974,2023-05-03,Google,91558,3784,4.13,667
371,2022-07-05,Facebook,24645,239,0.97,111
2108,2024-11-20,Google,17029,946,5.56,266
175,2022-03-29,Facebook,97320,3040,3.12,834
1174,2023-08-11,Google,23636,147,0.62,403
518,2022-09-17,Google,10739,4705,43.81,35
176,2022-03-30,Google,84051,3357,3.99,360
1226,2023-09-06,Google,49420,3772,7.63,494
1700,2024-04-30,Google,66207,4886,7.38,20
1211,2023-08-29,Facebook,48309,2464,5.1,739
1850,2024-07-14,Google,58903,2938,4.99,996
997,2023-05-14,Facebook,88074,4072,4.62,178
1733,2024-05-16,Facebook,5534,4823,87.15,601
1890,2024-08-03,Google,50316,1094,2.17,223
623,2022-11-08,Facebook,65263,3432,5.26,574
1710,2024-05-05,Google,99070,1581,1.6,422
153,2022-03-18,Facebook,63350,2440,3.85,618
2055,2024-10-24,Facebook,49696,3635,7.31,646
1531,2024-02-05,Facebook,44094,149,0.34,663
827,2023-02-18,Facebook,31885,2569,8.06,620
701,2022-12-17,Facebook,87927,4435,5.04,241
1111,2023-07-10,Facebook,66920,4673,6.98,814
2053,2024-10-23,Facebook,9697,3890,40.12,266
698,2022-12-16,Google,94295,4543,4.82,686
688,2022-12-11,Google,92242,4233,4.59,477
1623,2024-03-22,Facebook,34827,277,0.8,401
1713,2024-05-06,Facebook,71377,4065,5.7,233
1953,2024-09-03,Facebook,81859,3438,4.2,784
1966,2024-09-10,Google,44090,297,0.67,440
1212,2023-08-30,Google,10918,1088,9.97,80
1747,2024-05-23,Facebook,7989,3263,40.84,769
2011,2024-10-02,Facebook,85166,2936,3.45,42
372,2022-07-06,Google,24822,4782,19.27,814
286,2022-05-24,Google,90425,296,0.33,727
1900,2024-08-08,Google,70520,1059,1.5,343
382,2022-07-11,Google,75027,1918,2.56,321
1092,2023-07-01,Google,19850,1436,7.23,857
977,2023-05-04,Facebook,68600,3411,4.97,427
766,2023-01-19,Google,86273,4989,5.78,405
2147,2024-12-09,Facebook,77156,1650,2.14,917
48,2022-01-25,Google,46933,662,1.41,187
1158,2023-08-03,Google,64698,3228,4.99,615
1236,2023-09-11,Google,36424,2071,5.69,613
1809,2024-06-23,Facebook,29382,4764,16.21,455
1512,2024-01-27,Google,61514,1901,3.09,617
1894,2024-08-05,Google,18573,3228,17.38,621
555,2022-10-05,Facebook,23059,4603,19.96,901
1055,2023-06-12,Facebook,91683,4598,5.02,216
587,2022-10-21,Facebook,79726,3128,3.92,977
1949,2024-09-01,Facebook,47550,2211,4.65,56
2007,2024-09-30,Facebook,20003,2520,12.6,276
992,2023-05-12,Google,83940,4376,5.21,756
243,2022-05-02,Facebook,96081,3572,3.72,169
376,2022-07-08,Google,14212,2468,17.37,246
297,2022-05-29,Facebook,60557,942,1.56,548
1595,2024-03-08,Facebook,37304,1461,3.92,890
343,2022-06-21,Facebook,43289,3063,7.08,858
1998,2024-09-26,Google,61775,4001,6.48,569
1292,2023-10-09,Google,90634,4888,5.39,449
993,2023-05-12,Facebook,61276,3298,5.38,517
2153,2024-12-12,Facebook,68733,3484,5.07,372
2162,2024-12-17,Google,22481,2372,10.55,282
954,2023-04-23,Google,77566,3879,5.0,103
328,2022-06-14,Google,10237,687,6.71,61
1131,2023-07-20,Facebook,89403,1881,2.1,400
1858,2024-07-18,Google,66312,225,0.34,983
1977,2024-09-15,Facebook,66444,171,0.26,527
185,2022-04-03,Facebook,96957,362,0.37,328
136,2022-03-10,Google,53770,4683,8.71,119
1800,2024-06-19,Google,46074,2986,6.48,25
349,2022-06-24,Facebook,86043,937,1.09,712
1616,2024-03-19,Google,33305,2161,6.49,498
228,2022-04-25,Google,12990,3823,29.43,959
399,2022-07-19,Facebook,94282,4520,4.79,440
276,2022-05-19,Google,87324,809,0.93,620
868,2023-03-11,Google,20317,3399,16.73,910
1849,2024-07-13,Facebook,70521,540,0.77,363
1552,2024-02-16,Google,64612,3733,5.78,730
1295,2023-10-10,Facebook,51388,1074,2.09,741
1278,2023-10-02,Google,76618,2130,2.78,951
908,2023-03-31,Google,50963,477,0.94,726
468,2022-08-23,Google,43822,3325,7.59,185
577,2022-10-16,Facebook,6298,450,7.15,929
1947,2024-08-31,Facebook,52924,4543,8.58,282
2170,2024-12-21,Google,25275,679,2.69,493
541,2022-09-28,Facebook,88290,250,0.28,215
140,2022-03-12,Google,75168,2098,2.79,185
2047,2024-10-20,Facebook,22160,4983,22.49,141
304,2022-06-02,Google,18513,746,4.03,581
538,2022-09-27,Google,6360,1738,27.33,443
1468,2024-01-05,Google,75899,3596,4.74,461
1731,2024-05-15,Facebook,41675,2102,5.04,756
485,2022-08-31,Facebook,21774,321,1.47,730
1396,2023-11-30,Google,31871,2393,7.51,936
1446,2023-12-25,Google,40556,1816,4.48,490
264,2022-05-13,Google,77764,1857,2.39,74
774,2023-01-23,Google,58465,214,0.37,54
2142,2024-12-07,Google,87439,4650,5.32,738
1019,2023-05-25,Facebook,5249,833,15.87,961
1037,2023-06-03,Facebook,54874,532,0.97,507
445,2022-08-11,Facebook,53952,1501,2.78,673
295,2022-05-28,Facebook,16712,1152,6.89,182
925,2023-04-08,Facebook,58067,1945,3.35,790
784,2023-01-28,Google,87962,4162,4.73,136
1837,2024-07-07,Facebook,46617,2243,4.81,508
1573,2024-02-26,Facebook,7857,3229,41.1,557
497,2022-09-06,Facebook,98398,4157,4.22,486
1530,2024-02-05,Google,58331,3396,5.82,696
963,2023-04-27,Facebook,13165,345,2.62,143
347,2022-06-23,Facebook,86769,4707,5.42,191
586,2022-10-21,Google,44934,1325,2.95,267
1924,2024-08-20,Google,5502,2951,53.64,928
1970,2024-09-12,Google,77422,2182,2.82,149
1572,2024-02-26,Google,64563,4846,7.51,551
1149,2023-07-29,Facebook,14230,2691,18.91,969
547,2022-10-01,Facebook,86190,350,0.41,688
1824,2024-07-01,Google,94343,1708,1.81,375
1293,2023-10-09,Facebook,79247,3864,4.88,364
1016,2023-05-24,Google,76834,1695,2.21,141
835,2023-02-22,Facebook,82007,738,0.9,993
199,2022-04-10,Facebook,98510,1222,1.24,403
105,2022-02-22,Facebook,95967,1999,2.08,630
1844,2024-07-11,Google,97494,3984,4.09,238
940,2023-04-16,Google,19712,4092,20.76,518
353,2022-06-26,Facebook,18576,115,0.62,146
704,2022-12-19,Google,36860,4614,12.52,207
1581,2024-03-01,Facebook,20601,4903,23.8,211
1144,2023-07-27,Google,60216,3670,6.09,658
1050,2023-06-10,Google,87566,2596,2.96,183
1259,2023-09-22,Facebook,87714,2382,2.72,802
2116,2024-11-24,Google,66893,3003,4.49,903
1525,2024-02-02,Facebook,9640,2409,24.99,224
718,2022-12-26,Google,18628,1205,6.47,519
2172,2024-12-22,Google,94759,590,0.62,116
1612,2024-03-17,Google,36500,566,1.55,640
1279,2023-10-02,Facebook,74877,3817,5.1,75
1520,2024-01-31,Google,95507,3179,3.33,488
1346,2023-11-05,Google,18074,2205,12.2,148
1504,2024-01-23,Google,85763,2737,3.19,194
975,2023-05-03,Facebook,72606,1426,1.96,493
996,2023-05-14,Google,52438,3289,6.27,20
1608,2024-03-15,Google,6842,1390,20.32,722
181,2022-04-01,Facebook,35502,3371,9.5,205
1661,2024-04-10,Facebook,94123,3814,4.05,175
484,2022-08-31,Google,66084,3251,4.92,898
1287,2023-10-06,Facebook,84214,1462,1.74,402
659,2022-11-26,Facebook,71535,3149,4.4,848
132,2022-03-08,Google,60515,4612,7.62,361
565,2022-10-10,Facebook,29054,643,2.21,774
745,2023-01-08,Facebook,63136,3286,5.2,792
814,2023-02-12,Google,26184,1133,4.33,575
746,2023-01-09,Google,41065,1076,2.62,474
1876,2024-07-27,Google,61847,660,1.07,718
1338,2023-11-01,Google,52037,2102,4.04,666
2188,2024-12-30,Google,73295,2904,3.96,148
1690,2024-04-25,Google,88632,3532,3.99,724
298,2022-05-30,Google,72506,4598,6.34,171
2077,2024-11-04,Facebook,11425,4474,39.16,423
569,2022-10-12,Facebook,57113,509,0.89,696
1554,2024-02-17,Google,23516,2443,10.39,812
947,2023-04-19,Facebook,40395,970,2.4,129
816,2023-02-13,Google,36607,814,2.22,368
2080,2024-11-06,Google,12943,3287,25.4,715
203,2022-04-12,Facebook,44565,1337,3.0,674
2168,2024-12-20,Google,16816,1466,8.72,615
1598,2024-03-10,Google,84266,680,0.81,148
668,2022-12-01,Google,75606,4927,6.52,793
1017,2023-05-24,Facebook,25361,3037,11.98,917
761,2023-01-16,Facebook,80139,2290,2.86,133
1862,2024-07-20,Google,65248,926,1.42,732
817,2023-02-13,Facebook,72506,1395,1.92,627
259,2022-05-10,Facebook,64121,2383,3.72,971
1732,2024-05-16,Google,92579,450,0.49,721
801,2023-02-05,Facebook,49351,1277,2.59,558
333,2022-06-16,Facebook,57453,1240,2.16,749
524,2022-09-20,Google,12205,842,6.9,383
388,2022-07-14,Google,98146,3034,3.09,227
314,2022-06-07,Google,49051,1922,3.92,86
1410,2023-12-07,Google,99440,1094,1.1,640
882,2023-03-18,Google,45130,2578,5.71,49
1801,2024-06-19,Facebook,85944,2091,2.43,190
1695,2024-04-27,Facebook,82944,3443,4.15,369
1607,2024-03-14,Facebook,89630,3167,3.53,558
471,2022-08-24,Facebook,26053,281,1.08,380
1748,2024-05-24,Google,76773,1270,1.65,390
864,2023-03-09,Google,53257,1763,3.31,327
831,2023-02-20,Facebook,90515,4235,4.68,442
913,2023-04-02,Facebook,62662,2955,4.72,270
1796,2024-06-17,Google,48738,3553,7.29,606
107,2022-02-23,Facebook,17045,1473,8.64,886
344,2022-06-22,Google,30661,900,2.94,288
1004,2023-05-18,Google,47095,150,0.32,66
1540,2024-02-10,Google,37494,3545,9.45,200
1659,2024-04-09,Facebook,27763,2326,8.38,763
1968,2024-09-11,Google,31668,4025,12.71,137
1315,2023-10-20,Facebook,74545,1297,1.74,537
163,2022-03-23,Facebook,35224,2191,6.22,433
1877,2024-07-27,Facebook,88882,849,0.96,214
1366,2023-11-15,Google,56630,2982,5.27,510
1887,2024-08-01,Facebook,11670,2732,23.41,706
432,2022-08-05,Google,46178,2309,5.0,106
865,2023-03-09,Facebook,85461,3875,4.53,222
1223,2023-09-04,Facebook,91128,2791,3.06,924
1999,2024-09-26,Facebook,72852,1004,1.38,856
18,2022-01-10,Google,94017,316,0.34,571
178,2022-03-31,Google,50664,435,0.86,203
1393,2023-11-28,Facebook,45454,3576,7.87,962
1415,2023-12-09,Facebook,26913,2013,7.48,732
2165,2024-12-18,Facebook,26680,3375,12.65,238
966,2023-04-29,Google,96555,1695,1.76,144
656,2022-11-25,Google,66558,2296,3.45,57
822,2023-02-16,Google,44706,592,1.32,896
1997,2024-09-25,Facebook,60489,132,0.22,144
1823,2024-06-30,Facebook,43117,3014,6.99,467
262,2022-05-12,Google,13514,3352,24.8,497
505,2022-09-10,Facebook,39176,1816,4.64,915
1465,2024-01-03,Facebook,51587,3265,6.33,484
189,2022-04-05,Facebook,7292,509,6.98,813
2033,2024-10-13,Facebook,38912,2085,5.36,548
277,2022-05-19,Facebook,12287,3549,28.88,726
1326,2023-10-26,Google,12296,739,6.01,442
1756,2024-05-28,Google,69020,1432,2.07,594
28,2022-01-15,Google,9093,1117,12.28,82
508,2022-09-12,Google,88419,3838,4.34,651
2016,2024-10-05,Google,69473,797,1.15,428
1916,2024-08-16,Google,13720,3537,25.78,248
492,2022-09-04,Google,58255,733,1.26,823
1356,2023-11-10,Google,24032,926,3.85,363
1245,2023-09-15,Facebook,74081,3873,5.23,123
1903,2024-08-09,Facebook,69211,4145,5.99,321
856,2023-03-05,Google,84666,4938,5.83,784
437,2022-08-07,Facebook,24202,1902,7.86,717
1373,2023-11-18,Facebook,92944,4387,4.72,198
377,2022-07-08,Facebook,76493,175,0.23,585
313,2022-06-06,Facebook,57237,611,1.07,582
422,2022-07-31,Google,83522,152,0.18,176
1802,2024-06-20,Google,38729,2222,5.74,152
1096,2023-07-03,Google,53841,2266,4.21,889
1320,2023-10-23,Google,16368,4688,28.64,391
1496,2024-01-19,Google,45006,1818,4.04,252
1965,2024-09-09,Facebook,9889,3641,36.82,925
122,2022-03-03,Google,57878,2215,3.83,232
1487,2024-01-14,Facebook,41040,2042,4.98,64
2013,2024-10-03,Facebook,36891,2579,6.99,388
2171,2024-12-21,Facebook,91928,2149,2.34,238
942,2023-04-17,Google,96327,1248,1.3,27
1289,2023-10-07,Facebook,94614,4878,5.16,531
221,2022-04-21,Facebook,41853,3863,9.23,534
1196,2023-08-22,Google,75324,2130,2.83,466
40,2022-01-21,Google,85686,3422,3.99,472
1100,2023-07-05,Google,87711,716,0.82,237
1176,2023-08-12,Google,62614,2636,4.21,642
1857,2024-07-17,Facebook,90265,1409,1.56,808
1178,2023-08-13,Google,50789,506,1.0,405
1260,2023-09-23,Google,46467,3784,8.14,727
373,2022-07-06,Facebook,41727,955,2.29,756
1213,2023-08-30,Facebook,7959,2648,33.27,208
2123,2024-11-27,Facebook,60015,4399,7.33,509
460,2022-08-19,Google,71221,777,1.09,827
726,2022-12-30,Google,39460,3470,8.79,358
1996,2024-09-25,Google,87059,3117,3.58,622
1702,2024-05-01,Google,92332,4060,4.4,799
358,2022-06-29,Google,78535,2596,3.31,425
637,2022-11-15,Facebook,44843,434,0.97,291
516,2022-09-16,Google,90433,4872,5.39,345
2130,2024-12-01,Google,59357,4218,7.11,660
1769,2024-06-03,Facebook,97896,4167,4.26,853
1888,2024-08-02,Google,87724,748,0.85,381
2101,2024-11-16,Facebook,58111,1714,2.95,408
1030,2023-05-31,Google,67290,181,0.27,922
1390,2023-11-27,Google,15917,4756,29.88,470
129,2022-03-06,Facebook,36724,1703,4.64,227
1805,2024-06-21,Facebook,39624,4173,10.53,134
451,2022-08-14,Facebook,13768,3587,26.05,870
234,2022-04-28,Google,14766,1995,13.51,567
1362,2023-11-13,Google,56030,4947,8.83,53
2190,2024-12-31,Google,19300,2463,12.76,893
986,2023-05-09,Google,74713,3918,5.24,572
707,2022-12-20,Facebook,92496,4702,5.08,977
742,2023-01-07,Google,23182,2424,10.46,192
691,2022-12-12,Facebook,91425,163,0.18,753
1832,2024-07-05,Google,78696,3583,4.55,150
934,2023-04-13,Google,95688,2353,2.46,209
1501,2024-01-21,Facebook,63689,3914,6.15,403
229,2022-04-25,Facebook,29503,1113,3.77,455
1567,2024-02-23,Facebook,85363,4200,4.92,259
194,2022-04-08,Google,57384,265,0.46,759
2035,2024-10-14,Facebook,81288,1439,1.77,76
1578,2024-02-29,Google,56072,3441,6.14,368
2103,2024-11-17,Facebook,75765,2823,3.73,204
915,2023-04-03,Facebook,79804,2652,3.32,291
2029,2024-10-11,Facebook,46562,1441,3.09,235
1312,2023-10-19,Google,27911,4823,17.28,507
1654,2024-04-07,Google,59572,4139,6.95,966
1895,2024-08-05,Facebook,45413,738,1.63,667
1403,2023-12-03,Facebook,38618,4442,11.5,347
76,2022-02-08,Google,76015,4584,6.03,376
149,2022-03-16,Facebook,73823,538,0.73,735
472,2022-08-25,Google,72658,4149,5.71,685
684,2022-12-09,Google,89644,1909,2.13,749
683,2022-12-08,Facebook,61671,2715,4.4,831
786,2023-01-29,Google,57627,4452,7.73,705
302,2022-06-01,Google,9601,1977,20.59,32
1785,2024-06-11,Facebook,92054,4311,4.68,98
2085,2024-11-08,Facebook,23334,975,4.18,997
673,2022-12-03,Facebook,53687,3655,6.81,453
965,2023-04-28,Facebook,99821,2527,2.53,81
1954,2024-09-04,Google,32089,3734,11.64,979
952,2023-04-22,Google,69051,1147,1.66,439
821,2023-02-15,Facebook,20332,3881,19.09,992
47,2022-01-24,Facebook,27905,3005,10.77,749
588,2022-10-22,Google,11320,1176,10.39,825
1029,2023-05-30,Facebook,44152,1847,4.18,963
1562,2024-02-21,Google,51697,427,0.83,614
507,2022-09-11,Facebook,39844,3983,10.0,971
689,2022-12-11,Facebook,40417,513,1.27,961
195,2022-04-08,Facebook,69222,2316,3.35,490
108,2022-02-24,Google,25348,2749,10.85,872
912,2023-04-02,Google,10149,3986,39.27,941
1852,2024-07-15,Google,87773,270,0.31,407
1182,2023-08-15,Google,41385,2694,6.51,980
1290,2023-10-08,Google,88894,4918,5.53,337
638,2022-11-16,Google,8019,4358,54.35,340
799,2023-02-04,Facebook,60010,2699,4.5,641
1735,2024-05-17,Facebook,56086,2937,5.24,253
1232,2023-09-09,Google,33969,3373,9.93,877
1651,2024-04-05,Facebook,40509,4270,10.54,789
871,2023-03-12,Facebook,69374,2153,3.1,229
291,2022-05-26,Facebook,11596,2043,17.62,830
1978,2024-09-16,Google,32603,4517,13.85,767
807,2023-02-08,Facebook,39320,254,0.65,526
911,2023-04-01,Facebook,25877,2305,8.91,219
1171,2023-08-09,Facebook,87962,2744,3.12,718
687,2022-12-10,Facebook,49196,4099,8.33,683
2133,2024-12-02,Facebook,17141,779,4.54,977
1930,2024-08-23,Google,20789,4808,23.13,414
1500,2024-01-21,Google,6125,2294,37.45,395
170,2022-03-27,Google,40262,459,1.14,311
2018,2024-10-06,Google,56052,2634,4.7,819
1170,2023-08-09,Google,92353,2565,2.78,317
2139,2024-12-05,Facebook,44860,3548,7.91,764
1258,2023-09-22,Google,86700,3713,4.28,202
1042,2023-06-06,Google,12889,2336,18.12,985
2,2022-01-02,Google,84310,1543,1.83,733
307,2022-06-03,Facebook,68639,2833,4.13,821
1229,2023-09-07,Facebook,55816,4043,7.24,535
583,2022-10-19,Facebook,60889,2504,4.11,89
251,2022-05-06,Facebook,59374,2609,4.39,385
1839,2024-07-08,Facebook,18180,1914,10.53,428
572,2022-10-14,Google,88806,3198,3.6,323
62,2022-02-01,Google,58880,672,1.14,443
1701,2024-04-30,Facebook,66142,4973,7.52,932
758,2023-01-15,Google,60551,451,0.74,43
563,2022-10-09,Facebook,91938,341,0.37,635
937,2023-04-14,Facebook,69147,3012,4.36,545
879,2023-03-16,Facebook,51560,219,0.42,896
1599,2024-03-10,Facebook,27737,1095,3.95,498
1513,2024-01-27,Facebook,43139,2572,5.96,443
2109,2024-11-20,Facebook,14175,4902,34.58,963
712,2022-12-23,Google,73874,1468,1.99,337
1439,2023-12-21,Facebook,79986,1679,2.1,289
1461,2024-01-01,Facebook,47571,2835,5.96,587
1806,2024-06-22,Google,99573,553,0.56,174
1594,2024-03-08,Google,37235,4703,12.63,748
1856,2024-07-17,Google,40595,564,1.39,988
649,2022-11-21,Facebook,75237,1880,2.5,113
1083,2023-06-26,Facebook,94155,2105,2.24,969
1961,2024-09-07,Facebook,62100,853,1.37,195
601,2022-10-28,Facebook,50987,4498,8.82,177
2020,2024-10-07,Google,73399,2429,3.31,888
65,2022-02-02,Facebook,13684,4488,32.8,534
275,2022-05-18,Facebook,59833,4889,8.17,486
1025,2023-05-28,Facebook,99150,1698,1.71,289
1537,2024-02-08,Facebook,58644,3211,5.48,741
1685,2024-04-22,Facebook,14598,1615,11.06,923
849,2023-03-01,Facebook,86568,3727,4.31,795
1309,2023-10-17,Facebook,66974,4153,6.2,424
1364,2023-11-14,Google,37433,2267,6.06,993
1535,2024-02-07,Facebook,88679,2507,2.83,681
857,2023-03-05,Facebook,28596,2354,8.23,246
1432,2023-12-18,Google,24870,857,3.45,697
93,2022-02-16,Facebook,26174,2156,8.24,509
1664,2024-04-12,Google,31298,2250,7.19,880
1263,2023-09-24,Facebook,32293,2404,7.44,207
1433,2023-12-18,Facebook,39818,3934,9.88,733
1779,2024-06-08,Facebook,78734,2926,3.72,838
794,2023-02-02,Google,74443,2624,3.52,525
1256,2023-09-21,Google,37227,3711,9.97,61
1189,2023-08-18,Facebook,30114,1580,5.25,916
641,2022-11-17,Facebook,82799,3600,4.35,308
1251,2023-09-18,Facebook,60334,4109,6.81,504
37,2022-01-19,Facebook,45051,4966,11.02,162
615,2022-11-04,Facebook,18430,1192,6.47,781
841,2023-02-25,Facebook,36583,927,2.53,894
1845,2024-07-11,Facebook,24929,976,3.92,506
1426,2023-12-15,Google,26465,493,1.86,177
1204,2023-08-26,Google,9706,2478,25.53,545
839,2023-02-24,Facebook,58563,297,0.51,52
1548,2024-02-14,Google,20441,1551,7.59,148
1843,2024-07-10,Facebook,9378,4887,52.11,75
2039,2024-10-16,Facebook,7633,4038,52.9,765
1580,2024-03-01,Google,17730,355,2.0,115
400,2022-07-20,Google,79341,2214,2.79,541
1822,2024-06-30,Google,65260,1027,1.57,755
53,2022-01-27,Facebook,92210,1672,1.81,72
220,2022-04-21,Google,11049,1195,10.82,881
672,2022-12-03,Google,36264,4192,11.56,44
1210,2023-08-29,Google,44256,3967,8.96,319
1974,2024-09-14,Google,98805,1710,1.73,396
1467,2024-01-04,Facebook,21701,3759,17.32,723
211,2022-04-16,Facebook,54651,1863,3.41,323
1546,2024-02-13,Google,41031,397,0.97,160
1627,2024-03-24,Facebook,26247,860,3.28,625
2073,2024-11-02,Facebook,87477,4727,5.4,815
645,2022-11-19,Facebook,69865,4075,5.83,533
1524,2024-02-02,Google,57593,3756,6.52,934
2105,2024-11-18,Facebook,49675,1409,2.84,174
87,2022-02-13,Facebook,97915,1185,1.21,865
1906,2024-08-11,Google,75274,3436,4.56,924
1007,2023-05-19,Facebook,99883,1770,1.77,718
1885,2024-07-31,Facebook,18848,2574,13.66,641
139,2022-03-11,Facebook,20420,3553,17.4,349
1716,2024-05-08,Google,13795,2498,18.11,976
27,2022-01-14,Facebook,5746,803,13.97,752
874,2023-03-14,Google,40702,1610,3.96,794
26,2022-01-14,Google,76966,2097,2.72,711
2015,2024-10-04,Facebook,6424,2942,45.8,220
1273,2023-09-29,Facebook,90786,3646,4.02,10
1864,2024-07-21,Google,8094,2234,27.6,791
1538,2024-02-09,Google,18295,3704,20.25,16
1931,2024-08-23,Facebook,34234,268,0.78,886
1644,2024-04-02,Google,54723,674,1.23,39
1011,2023-05-21,Facebook,53675,1817,3.39,82
19,2022-01-10,Facebook,30624,3390,11.07,839
385,2022-07-12,Facebook,61201,987,1.61,925
1191,2023-08-19,Facebook,84705,1436,1.7,60
1584,2024-03-03,Google,59743,4750,7.95,112
976,2023-05-04,Google,88732,2195,2.47,752
1564,2024-02-22,Google,64410,2346,3.64,448
2120,2024-11-26,Google,85313,3866,4.53,783
1288,2023-10-07,Google,10603,2112,19.92,607
1208,2023-08-28,Google,47508,1551,3.26,467
631,2022-11-12,Facebook,97013,2937,3.03,878
1768,2024-06-03,Google,11826,4046,34.21,26
2107,2024-11-19,Facebook,33604,4279,12.73,377
1234,2023-09-10,Google,55943,3955,7.07,169
1115,2023-07-12,Facebook,81008,2340,2.89,226
606,2022-10-31,Google,54750,819,1.5,379
387,2022-07-13,Facebook,28462,1304,4.58,576
2003,2024-09-28,Facebook,25129,354,1.41,50
1522,2024-02-01,Google,82405,4385,5.32,627
933,2023-04-12,Facebook,92341,2472,2.68,788
1746,2024-05-23,Google,42719,1932,4.52,744
1517,2024-01-29,Facebook,34887,529,1.52,13
282,2022-05-22,Google,5855,3946,67.4,665
598,2022-10-27,Google,52216,3712,7.11,763
226,2022-04-24,Google,59731,2450,4.1,180
405,2022-07-22,Facebook,40835,3239,7.93,360
1458,2023-12-31,Google,11951,1577,13.2,586
1622,2024-03-22,Google,9597,2826,29.45,631
931,2023-04-11,Facebook,20886,2274,10.89,34
352,2022-06-26,Google,23683,4924,20.79,989
1253,2023-09-19,Facebook,8506,3797,44.64,800
1157,2023-08-02,Facebook,19928,3729,18.71,549
622,2022-11-08,Google,72463,2134,2.94,260
356,2022-06-28,Google,8634,2845,32.95,104
522,2022-09-19,Google,43831,1685,3.84,58
338,2022-06-19,Google,9515,492,5.17,252
862,2023-03-08,Google,73105,449,0.61,351
881,2023-03-17,Facebook,17054,3419,20.05,532
13,2022-01-07,Facebook,24705,1620,6.56,177
1563,2024-02-21,Facebook,35124,4364,12.42,521
1987,2024-09-20,Facebook,93342,3238,3.47,102
174,2022-03-29,Google,86118,2171,2.52,983
513,2022-09-14,Facebook,16670,3083,18.49,338
757,2023-01-14,Facebook,31368,4511,14.38,185
1553,2024-02-16,Facebook,69560,1749,2.51,809
1386,2023-11-25,Google,88148,762,0.86,102
412,2022-07-26,Google,11415,919,8.05,930
2024,2024-10-09,Google,76337,4311,5.65,448
1596,2024-03-09,Google,73633,519,0.7,958
299,2022-05-30,Facebook,61899,1097,1.77,517
374,2022-07-07,Google,6232,3055,49.02,453
171,2022-03-27,Facebook,74420,1851,2.49,51
677,2022-12-05,Facebook,91775,2998,3.27,785
99,2022-02-19,Facebook,31864,802,2.52,597
618,2022-11-06,Google,32539,3648,11.21,10
2083,2024-11-07,Facebook,71901,722,1.0,81
1284,2023-10-05,Google,63728,2145,3.37,911
1162,2023-08-05,Google,93960,508,0.54,784
284,2022-05-23,Google,34428,1098,3.19,426
660,2022-11-27,Google,7734,3103,40.12,764
1834,2024-07-06,Google,75839,4648,6.13,231
1715,2024-05-07,Facebook,63706,516,0.81,997
797,2023-02-03,Facebook,78080,3649,4.67,109
1838,2024-07-08,Google,21905,2933,13.39,252
1168,2023-08-08,Google,45728,3999,8.75,636
1114,2023-07-12,Google,65432,3030,4.63,769
1898,2024-08-07,Google,90266,2217,2.46,347
2140,2024-12-06,Google,59149,895,1.51,351
1103,2023-07-06,Facebook,87847,1719,1.96,876
114,2022-02-27,Google,14044,3612,25.72,67
1167,2023-08-07,Facebook,36841,1145,3.11,330
1767,2024-06-02,Facebook,49765,1234,2.48,394
1712,2024-05-06,Google,33041,4731,14.32,311
1456,2023-12-30,Google,66044,2212,3.35,50
84,2022-02-12,Google,93785,3218,3.43,575
490,2022-09-03,Google,94026,2065,2.2,726
224,2022-04-23,Google,63912,949,1.48,316
1591,2024-03-06,Facebook,57794,1531,2.65,27
287,2022-05-24,Facebook,57121,4066,7.12,639
474,2022-08-26,Google,60200,4633,7.7,903
261,2022-05-11,Facebook,85596,237,0.28,620
953,2023-04-22,Facebook,84735,136,0.16,967
1472,2024-01-07,Google,33902,2497,7.37,409
346,2022-06-23,Google,96813,2130,2.2,294
2134,2024-12-03,Google,7545,4046,53.62,64
717,2022-12-25,Facebook,51253,255,0.5,844
2127,2024-11-29,Facebook,51984,3655,7.03,656
536,2022-09-26,Google,82278,3351,4.07,978
1388,2023-11-26,Google,81972,2811,3.43,444
418,2022-07-29,Google,83845,1156,1.38,185
872,2023-03-13,Google,29811,1055,3.54,372
1398,2023-12-01,Google,60393,3166,5.24,239
2089,2024-11-10,Facebook,48535,1432,2.95,126
498,2022-09-07,Google,79044,301,0.38,721
1597,2024-03-09,Facebook,21164,2654,12.54,308
216,2022-04-19,Google,80512,167,0.21,937
2054,2024-10-24,Google,82745,2838,3.43,54
267,2022-05-14,Facebook,32151,3340,10.39,264
787,2023-01-29,Facebook,31104,1774,5.7,605
1624,2024-03-23,Google,9233,4170,45.16,996
1269,2023-09-27,Facebook,20407,3350,16.42,220
916,2023-04-04,Google,39856,4874,12.23,243
1187,2023-08-17,Facebook,45417,2303,5.07,746
467,2022-08-22,Facebook,18565,1093,5.89,389
397,2022-07-18,Facebook,44195,1545,3.5,382
449,2022-08-13,Facebook,33093,222,0.67,782
278,2022-05-20,Google,26988,3911,14.49,332
1102,2023-07-06,Google,83258,2035,2.44,125
271,2022-05-16,Facebook,38256,2670,6.98,509
1941,2024-08-28,Facebook,30593,1365,4.46,343
703,2022-12-18,Facebook,99511,3129,3.14,957
1781,2024-06-09,Facebook,22415,3310,14.77,786
200,2022-04-11,Google,23498,2185,9.3,886
1193,2023-08-20,Facebook,83621,620,0.74,349
756,2023-01-14,Google,26233,1922,7.33,348
1194,2023-08-21,Google,55453,580,1.05,195
1959,2024-09-06,Facebook,32212,4995,15.51,756
2145,2024-12-08,Facebook,81541,595,0.73,988
561,2022-10-08,Facebook,84496,831,0.98,567
1379,2023-11-21,Facebook,72077,3663,5.08,599
1365,2023-11-14,Facebook,94288,3267,3.46,539
1788,2024-06-13,Google,55110,4504,8.17,220
1854,2024-07-16,Google,83129,469,0.56,855
1484,2024-01-13,Google,51159,4092,8.0,689
763,2023-01-17,Facebook,23053,4598,19.95,597
1076,2023-06-23,Google,80538,3659,4.54,908
8,2022-01-05,Google,62583,3042,4.86,708
41,2022-01-21,Facebook,21517,3734,17.35,194
769,2023-01-20,Facebook,92746,980,1.06,553
2099,2024-11-15,Facebook,86931,3579,4.12,484
995,2023-05-13,Facebook,6731,1819,27.02,328
1642,2024-04-01,Google,22838,1545,6.77,867
280,2022-05-21,Google,43128,4100,9.51,565
607,2022-10-31,Facebook,77751,2849,3.66,598
33,2022-01-17,Facebook,91797,2108,2.3,305
1423,2023-12-13,Facebook,99878,1534,1.54,730
1871,2024-07-24,Facebook,54687,3057,5.59,55
654,2022-11-24,Google,92353,1411,1.53,74
1061,2023-06-15,Facebook,81608,1254,1.54,912
1669,2024-04-14,Facebook,66152,4473,6.76,923
252,2022-05-07,Google,22955,3153,13.74,58
1905,2024-08-10,Facebook,60096,3710,6.17,306
820,2023-02-15,Google,82983,3091,3.72,108
1104,2023-07-07,Google,60052,1694,2.82,45
1391,2023-11-27,Facebook,74534,1733,2.33,415
188,2022-04-05,Google,53356,182,0.34,186
206,2022-04-14,Google,27706,1372,4.95,533
1780,2024-06-09,Google,45268,4413,9.75,396
633,2022-11-13,Facebook,62179,3060,4.92,932
1150,2023-07-30,Google,20257,1432,7.07,131
1485,2024-01-13,Facebook,17021,4175,24.53,516
961,2023-04-26,Facebook,81519,2700,3.31,631
1225,2023-09-05,Facebook,39556,162,0.41,349
1250,2023-09-18,Google,12999,4026,30.97,792
1428,2023-12-16,Google,31050,2598,8.37,167
1519,2024-01-30,Facebook,14859,3394,22.84,282
365,2022-07-02,Facebook,18854,1346,7.14,45
1592,2024-03-07,Google,8788,880,10.01,370
1075,2023-06-22,Facebook,26581,3937,14.81,545
1125,2023-07-17,Facebook,92244,3631,3.94,416
411,2022-07-25,Facebook,12243,2503,20.44,983
253,2022-05-07,Facebook,54957,3633,6.61,774
523,2022-09-19,Facebook,77055,1826,2.37,273
1833,2024-07-05,Facebook,16779,2760,16.45,329
1753,2024-05-26,Facebook,98251,570,0.58,20
1566,2024-02-23,Google,17880,3007,16.82,646
1201,2023-08-24,Facebook,62224,2513,4.04,935
1329,2023-10-27,Facebook,91966,2372,2.58,799
35,2022-01-18,Facebook,58233,2647,4.55,235
686,2022-12-10,Google,39648,3524,8.89,199
1937,2024-08-26,Facebook,53505,2784,5.2,813
44,2022-01-23,Google,95679,441,0.46,544
1878,2024-07-28,Google,68449,4796,7.01,347
1825,2024-07-01,Facebook,92951,4810,5.17,32
1544,2024-02-12,Google,16849,3621,21.49,60
2032,2024-10-13,Google,9999,1618,16.18,923
664,2022-11-29,Google,77269,2431,3.15,205
665,2022-11-29,Facebook,44922,4236,9.43,622
667,2022-11-30,Facebook,5519,4632,83.93,83
1048,2023-06-09,Google,77810,885,1.14,545
605,2022-10-30,Facebook,7220,4527,62.7,149
741,2023-01-06,Facebook,6148,4095,66.61,641
85,2022-02-12,Facebook,69406,1245,1.79,626
369,2022-07-04,Facebook,41326,1817,4.4,886
77,2022-02-08,Facebook,17386,1075,6.18,124
521,2022-09-18,Facebook,32455,3173,9.78,421
1539,2024-02-09,Facebook,82301,4886,5.94,870
553,2022-10-04,Facebook,83928,2621,3.12,134
360,2022-06-30,Google,72463,3568,4.92,461
2173,2024-12-22,Facebook,65068,240,0.37,545
1002,2023-05-17,Google,10595,313,2.95,654
2078,2024-11-05,Google,36657,4638,12.65,902
1294,2023-10-10,Google,8731,1319,15.11,101
